ClusterID,Mass,NET,Protein,Peptide,Site,Glycan,PeptideMass,GlycanMass,TypeID,TRUE_FALSE,RepHCDScore,RepCIDScore,RepETDScore,RepCIDSeqScore,DatasetID.0,HCDScore.0,CIDScore.0,ETDScore.0,Abundance.0,DatasetID.1,HCDScore.1,CIDScore.1,ETDScore.1,Abundance.1,DatasetID.2,HCDScore.2,CIDScore.2,ETDScore.2,Abundance.2
1974,3653.51231134304,0.296187259149718,sp|P12763|FETUA_BOVIN,LCPDCPLLAPLNDSR,N156,HexNAc * 4 + Hex * 5 + DeHex * 0 + NeuAc * 1 + NeuGc * 0,1739.83349609375,1931.68762207031,Verified,TRUE,4.33731909566349E-26,6,350.235792650219,15.717643737793,0,1,0,0,0,1,1,0,0,0,2,4.33731909566349E-26,6,350.235792650219,399281
2041,3944.60003035807,0.33940325638923,sp|P12763|FETUA_BOVIN,LCPDCPLLAPLNDSR,N156,HexNAc * 4 + Hex * 5 + DeHex * 0 + NeuAc * 2 + NeuGc * 0,1739.83349609375,2222.78295898438,Verified,TRUE,4.33731909566349E-26,3,650.22538446929,19.2895240783691,0,4.33731909566349E-26,12,0,19810440,1,3.03601803218593E-21,7,0,18358012,2,4.33731909566349E-26,7,650.22538446929,17851756
2045,3961.62464575273,0.340145155471764,decoy_sp|P12763|FETUA_BOVIN,RCPDLPALLPCNDSL,N00,HexNAc * 4 + Hex * 6 + DeHex * 1 + NeuAc * 1 + NeuGc * 0,1739.83349609375,2239.79809570313,Unverified,FALSE,3.03601803218593E-21,3,0,0,0,3.03601803218593E-21,3,0,2048371,1,1,0,0,2214008,2,1,0,0,1316543
2070,4072.69714291454,0.285815020414431,sp|P12763|FETUA_BOVIN,KLCPDCPLLAPLNDSR,N156,HexNAc * 4 + Hex * 5 + DeHex * 0 + NeuAc * 2 + NeuGc * 0,1867.92846679688,2222.78295898438,Verified,TRUE,4.33731909566349E-26,7,475.287632280897,14.3539934158325,0,4.33731909566349E-26,5,0,7158298,1,3.03601803218593E-21,8,0,7181254,2,4.33731909566349E-26,7,475.287632280897,6816775
2078,4110.64242858975,0.289313301949325,sp|Q58D62|FETUB_BOVIN,GENATVNQRPANPSK,N271,HexNAc * 4 + Hex * 7 + DeHex * 0 + NeuAc * 2 + NeuGc * 0,1581.78601074219,2546.88842773438,Verified,TRUE,4.33731909566349E-26,8,275.172302007414,0,0,1,0,0,0,1,1,0,0,0,2,4.33731909566349E-26,8,275.172302007414,307476
2090,4309.73360181404,0.334736814087948,sp|P12763|FETUA_BOVIN,LCPDCPLLAPLNDSR,N156,HexNAc * 5 + Hex * 6 + DeHex * 0 + NeuAc * 2 + NeuGc * 0,1739.83349609375,2587.91528320313,Verified,TRUE,1.18063657243405E-16,3,125.603240540613,0,0,1.18063657243405E-16,8,0,1677068,1,1,0,0,718915,2,4.33731909566349E-26,10,125.603240540613,880250
2116,4583.89756108571,0.284730663815731,sp|P12763|FETUA_BOVIN,KLCPDCPLLAPLNDSR,N156,HexNAc * 5 + Hex * 6 + DeHex * 1 + NeuAc * 2 + NeuGc * 0,1867.92846679688,2733.97290039063,Verified,TRUE,4.33731909566349E-26,10,450.180694443469,12.2237663269043,0,1,0,0,0,1,1,0,0,0,2,4.33731909566349E-26,10,450.180694443469,180948
2119,4600.82881255524,0.392335758455357,sp|P12763|FETUA_BOVIN,LCPDCPLLAPLNDSR,N156,HexNAc * 5 + Hex * 6 + DeHex * 0 + NeuAc * 3 + NeuGc * 0,1739.83349609375,2879.01049804688,Verified,TRUE,3.03601803218593E-21,3,625.228467239079,21.0642910003662,0,3.03601803218593E-21,5,0,25553074,1,1,0,0,20596860,2,3.03601803218593E-21,3,625.228467239079,14161289
2151,4728.92594932955,0.326605619014173,decoy_sp|P12763|FETUA_BOVIN,RLCPLPALLPCDNDSK,N00,HexNAc * 5 + Hex * 6 + DeHex * 0 + NeuAc * 3 + NeuGc * 0,1867.92846679688,2879.01049804688,Unverified,FALSE,3.03601803218593E-21,11,0,0,0,3.03601803218593E-21,11,0,12066263,1,1,0,0,13723504,2,3.03601803218593E-21,7,0,11851058
2194,4891.92310543698,0.416624035589833,decoy_sp|P12763|FETUA_BOVIN,RCPDLPALLPCNDSL,N00,HexNAc * 5 + Hex * 6 + DeHex * 0 + NeuAc * 4 + NeuGc * 0,1739.83349609375,3170.10595703125,Unverified,FALSE,1.18063657243405E-16,7,0,0,0,1.18063657243405E-16,7,0,5009457,1,1,0,0,0,2,1,0,0,0
2195,4891.93318087552,0.47613506545497,sp|P12763|FETUA_BOVIN,LCPDCPLLAPLNDSR,N156,HexNAc * 5 + Hex * 6 + DeHex * 0 + NeuAc * 4 + NeuGc * 0,1739.83349609375,3170.10595703125,Verified,TRUE,3.03601803218593E-21,6,250.247166129115,3.7057056427002,0,1,0,0,0,1,0,0,0,2698268,2,4.33731909566349E-26,8,250.247166129115,4021865
2200,4907.94778353214,0.642840920765505,decoy_sp|P12763|FETUA_BOVIN,RLCPLPALLPCDNDSK,N00,HexNAc * 5 + Hex * 8 + DeHex * 1 + NeuAc * 2 + NeuGc * 0,1867.92846679688,3058.07836914063,Unverified,FALSE,3.85659187215622E-08,5,0,0,0,1,0,0,0,1,1,0,0,0,2,3.85659187215622E-08,5,0,8705
2222,5020.01812856779,0.376118764851899,sp|P12763|FETUA_BOVIN,KLCPDCPLLAPLNDSR,N156,HexNAc * 5 + Hex * 6 + DeHex * 0 + NeuAc * 4 + NeuGc * 0,1867.92846679688,3170.10595703125,Unverified,TRUE,1.18063657243405E-16,14,0,0,0,1,0,0,4622216,1,1.18063657243405E-16,14,0,2776631,2,1,0,0,3561604
2236,5220.3356514521,0.467188401104812,sp|P12763|FETUA_BOVIN,VVHAVEVALATFNAESNGSYLQLVEISR,N176,HexNAc * 4 + Hex * 5 + DeHex * 0 + NeuAc * 2 + NeuGc * 0,3015.56665039063,2222.78295898438,Verified,TRUE,4.33731909566349E-26,6,1500.64448564573,16.0217514038086,0,1,0,0,0,1,1,0,0,0,2,4.33731909566349E-26,6,1500.64448564573,271010
2274,5585.45640746408,0.467188401104812,sp|P12763|FETUA_BOVIN,VVHAVEVALATFNAESNGSYLQLVEISR,N176,HexNAc * 5 + Hex * 6 + DeHex * 0 + NeuAc * 2 + NeuGc * 0,3015.56665039063,2587.91528320313,Verified,TRUE,4.33731909566349E-26,2,1075.47502312512,15.0440635681152,0,1,0,0,0,1,1,0,0,0,2,4.33731909566349E-26,10,1075.47502312512,320112
2289,5875.52198575855,0.404161863714044,sp|P12763|FETUA_BOVIN,RPTGEVYDIEIDTLETTCHVLDPTPLANCSVR,N99,HexNAc * 4 + Hex * 5 + DeHex * 0 + NeuAc * 2 + NeuGc * 0,3670.76098632813,2222.78295898438,Verified,TRUE,4.33731909566349E-26,11,825.655562788872,0,0,3.03601803218593E-21,7,0,22980434,1,1,0,0,1894052,2,4.33731909566349E-26,11,825.655562788872,27226574
2290,5876.53889271053,0.518680068833418,sp|P12763|FETUA_BOVIN,VVHAVEVALATFNAESNGSYLQLVEISR,N176,HexNAc * 5 + Hex * 6 + DeHex * 0 + NeuAc * 3 + NeuGc * 0,3015.56665039063,2879.01049804688,Verified,TRUE,4.33731909566349E-26,3,1800.8020837052,9.47513389587402,0,1,0,0,0,1,1,0,0,0,2,4.33731909566349E-26,4,1800.8020837052,10589782
2292,5892.5590264282,0.523262706967013,sp|P12763|FETUA_BOVIN,RPTGEVYDIEIDTLETTCHVLDPTPLANCSVR,N99,HexNAc * 4 + Hex * 6 + DeHex * 1 + NeuAc * 1 + NeuGc * 0,3670.76098632813,2239.79809570313,Verified,TRUE,3.03601803218593E-21,3,600.396111206559,0,0,1,0,0,0,1,1,0,0,0,2,4.33731909566349E-26,3,600.396111206559,718031
2293,5893.56284750156,0.520971387900216,sp|P12763|FETUA_BOVIN,VVHAVEVALATFNAESNGSYLQLVEISR,N176,HexNAc * 5 + Hex * 7 + DeHex * 1 + NeuAc * 2 + NeuGc * 0,3015.56665039063,2896.02563476563,Verified,TRUE,3.03601803218593E-21,3,750.386161858652,4.77042531967163,0,1,0,0,0,1,1,0,0,0,2,3.03601803218593E-21,3,750.386161858652,1220831
2320,6183.66355587808,0.557632492968975,sp|P12763|FETUA_BOVIN,RPTGEVYDIEIDTLETTCHVLDPTPLANCSVR,N99,HexNAc * 4 + Hex * 6 + DeHex * 1 + NeuAc * 2 + NeuGc * 0,3670.76098632813,2530.8935546875,Verified,TRUE,4.33731909566349E-26,3,200.308785159924,0,0,1,0,0,0,1,1,0,0,0,2,4.33731909566349E-26,3,200.308785159924,2495666
2325,6224.67574497148,0.566797769236165,sp|P12763|FETUA_BOVIN,RPTGEVYDIEIDTLETTCHVLDPTPLANCSVR,N99,HexNAc * 5 + Hex * 5 + DeHex * 1 + NeuAc * 2 + NeuGc * 0,3670.76098632813,2571.92016601563,Verified,TRUE,4.33731909566349E-26,4,275.389825340144,0,0,1,0,0,0,1,1,0,0,0,2,4.33731909566349E-26,5,275.389825340144,771457
2326,6240.6564650866,0.401684371513348,sp|P12763|FETUA_BOVIN,RPTGEVYDIEIDTLETTCHVLDPTPLANCSVR,N99,HexNAc * 5 + Hex * 6 + DeHex * 0 + NeuAc * 2 + NeuGc * 0,3670.76098632813,2587.91528320313,Verified,TRUE,3.85659187215622E-08,11,176,0,0,3.03601803218593E-21,12,0,5179955,1,1,0,0,372144,2,3.85659187215622E-08,11,176,4271733
2343,6458.74981797406,0.578254364570152,sp|Q58D62|FETUB_BOVIN,GENATVNQRPANPSKTEELQQQNTAPTNSPTK,N271,HexNAc * 7 + Hex * 8 + DeHex * 0 + NeuAc * 1 + NeuGc * 0,3449.67724609375,3027.08422851563,Verified,TRUE,4.33731909566349E-26,3,200.213306799845,0,0,1,0,0,0,1,1,0,0,0,2,4.33731909566349E-26,3,200.213306799845,103011
2346,6530.74939293827,0.441186676831596,decoy_sp|Q58D62|FETUB_BOVIN,KTNATTPATNQQQLEETKSPNAPRQNVNSPEG,N00,HexNAc * 6 + Hex * 7 + DeHex * 1 + NeuAc * 2 + NeuGc * 0,3449.67724609375,3099.10522460938,Unverified,FALSE,1.18063657243405E-16,8,0,0,0,3.85659187215622E-08,8,0,5011394,1,1.18063657243405E-16,5,0,753456,2,1,0,0,0
2347,6530.75341746741,0.38627046826086,sp|Q58D62|FETUB_BOVIN,GENATVNQRPANPSKTEELQQQNTAPTNSPTK,N271,HexNAc * 6 + Hex * 7 + DeHex * 1 + NeuAc * 2 + NeuGc * 0,3449.67724609375,3099.10522460938,Tentative,TRUE,3.03601803218593E-21,9,26,0,0,1,0,0,0,1,1,0,0,0,2,3.03601803218593E-21,9,26,294940
2349,6531.75441661107,0.425485703100531,sp|P12763|FETUA_BOVIN,RPTGEVYDIEIDTLETTCHVLDPTPLANCSVR,N99,HexNAc * 5 + Hex * 6 + DeHex * 0 + NeuAc * 3 + NeuGc * 0,3670.76098632813,2879.01049804688,Verified,TRUE,4.33731909566349E-26,2,1575.81034888921,6.74993228912354,0,3.03601803218593E-21,7,0,44575964,1,1,0,0,19968770,2,4.33731909566349E-26,11,1575.81034888921,108033584
2351,6532.77297993104,0.557632492968975,sp|P12763|FETUA_BOVIN,VVHAVEVALATFNAESNGSYLQLVEISR,N176,HexNAc * 6 + Hex * 7 + DeHex * 0 + NeuAc * 4 + NeuGc * 0,3015.56665039063,3535.23803710938,Verified,TRUE,4.33731909566349E-26,2,425.17993017028,0,0,1,0,0,0,1,1,0,0,0,2,4.33731909566349E-26,11,425.17993017028,464060
2365,6608.83078795783,0.400018382661645,sp|Q58D62|FETUB_BOVIN,IFYLPAYNCTLRPVSQSAIIMTCPDCPSTSPYDLSNPR,N137,HexNAc * 4 + Hex * 5 + DeHex * 0 + NeuAc * 2 + NeuGc * 0,4404.06884765625,2222.78295898438,Verified,TRUE,4.33731909566349E-26,2,1100.48143467558,14.2980003356934,0,1,0,0,0,1,1,0,0,0,2,4.33731909566349E-26,2,1100.48143467558,2021131
2369,6645.79425,0.428175618073316,decoy_sp|Q58D62|FETUB_BOVIN,KTNATTPATNQQQLEETKSPNAPRQNVNSPEG,N00,HexNAc * 8 + Hex * 7 + DeHex * 1 + NeuAc * 1 + NeuGc * 0,3449.67724609375,3214.16870117188,Unverified,FALSE,1.18063657243405E-16,4,0,0,0,1,0,0,0,1,1.18063657243405E-16,4,0,2911629,2,1,0,0,0
2381,6764.9374754093,0.365648596659683,decoy_sp|Q58D62|FETUB_BOVIN,RPNSLDYPNCTPCDPCTMIIASQSVPRLSTSYAPLYFIR,N00,HexNAc * 4 + Hex * 5 + DeHex * 0 + NeuAc * 2 + NeuGc * 0,4560.169921875,2222.78295898438,Unverified,FALSE,3.03601803218593E-21,4,0,0,0,1,0,0,0,1,1,0,0,0,2,3.03601803218593E-21,4,0,960745
2385,6822.84434828547,0.45883424844094,sp|P12763|FETUA_BOVIN,RPTGEVYDIEIDTLETTCHVLDPTPLANCSVR,N99,HexNAc * 5 + Hex * 6 + DeHex * 0 + NeuAc * 4 + NeuGc * 0,3670.76098632813,3170.10595703125,Unverified,TRUE,3.85659187215622E-08,6,0,0,0,3.85659187215622E-08,1,0,6905993,1,1,0,0,2781538,2,3.85659187215622E-08,6,0,20674188
2395,6878.86738991971,0.455731805770825,sp|Q58D62|FETUB_BOVIN,GENATVNQRPANPSKTEELQQQNTAPTNSPTK,N271,HexNAc * 7 + Hex * 7 + DeHex * 0 + NeuAc * 3 + NeuGc * 0,3449.67724609375,3447.22216796875,Verified,TRUE,4.33731909566349E-26,7,325.263714312833,0,0,1,0,0,0,1,1,0,0,0,2,4.33731909566349E-26,7,325.263714312833,159649
2403,6966.9214792286,0.13175951786635,decoy_sp|Q58D62|FETUB_BOVIN,KTNATTPATNQQQLEETKSPNAPRQNVNSPEG,N00,HexNAc * 6 + Hex * 7 + DeHex * 0 + NeuAc * 4 + NeuGc * 0,3449.67724609375,3535.23803710938,Unverified,FALSE,3.85659187215622E-08,0,0,0,0,3.85659187215622E-08,0,0,496200,1,1,0,0,0,2,1,0,0,0
2407,7187.97664884855,0.464250320265408,sp|P12763|FETUA_BOVIN,RPTGEVYDIEIDTLETTCHVLDPTPLANCSVR,N99,HexNAc * 6 + Hex * 7 + DeHex * 0 + NeuAc * 4 + NeuGc * 0,3670.76098632813,3535.23803710938,Verified,TRUE,3.85659187215622E-08,9,725.492411120371,0,0,1,0,0,934206,1,1,0,0,0,2,2.75474783162805E-12,9,725.492411120371,4714958
